{
  "elements": [
    {
      "data": {
        "id": "essay",
        "title": "essay",
        "has_child": false,
        "is_central":true,
        "i": 1725,
        "j": 1841
      }
    },
    {
      "data": {
        "id": "theme",
        "title": "theme",
        "has_child": false,
        "i": 1593,
        "j": 1724
      }
    },
    {
      "data": {
        "id": "documentary",
        "title": "documentary",
        "has_child": true,
        "i": 1593,
        "j": 1724
      }
    },
    {
      "data": {
        "id": "captions",
        "title": "captions",
        "has_child": true,
        "i": 1725,
        "j": 1841
      }
    },
    {
      "data": {
        "id": "essays",
        "title": "essays",
        "has_child": false,
        "i": 1220,
        "j": 1518
      }
    },
    {
      "data": {
        "id": "students",
        "title": "students",
        "has_child": false,
        "i": 1220,
        "j": 1518
      }
    },
    {
      "data": {
        "id": "media",
        "title": "media",
        "has_child": false,
        "i": 1518,
        "j": 1592
      }
    },
    {
      "data": {
        "id": "movie",
        "title": "movie",
        "has_child": false,
        "i": 1593,
        "j": 1724
      }
    },
    {
      "data": {
        "id": "photographs",
        "title": "photographs",
        "has_child": true,
        "i": 1725,
        "j": 1841
      }
    },
    {
      "data": {
        "id": "applicants",
        "title": "applicants",
        "has_child": false,
        "i": 1220,
        "j": 1518
      }
    },
    {
      "data": {
        "id": "admission",
        "title": "admission",
        "has_child": true,
        "i": 1220,
        "j": 1518
      }
    },
    {
      "data": {
        "id": "skills",
        "title": "skills",
        "has_child": true,
        "i": 1220,
        "j": 1518
      }
    },
    {
      "data": {
        "id": "Principle",
        "title": "Principle",
        "has_child": false,
        "i": 911,
        "j": 1111
      }
    },
    {
      "data": {
        "id": "Criticism",
        "title": "Criticism",
        "has_child": true,
        "i": 753,
        "j": 910
      }
    },
    {
      "data": {
        "id": "sciences",
        "title": "sciences",
        "has_child": true,
        "i": 1220,
        "j": 1518
      }
    },
    {
      "data": {
        "id": "humanities",
        "title": "humanities",
        "has_child": true,
        "i": 1220,
        "j": 1518
      }
    },
    {
      "data": {
        "id": "formal",
        "title": "formal",
        "has_child": false,
        "i": 1111,
        "j": 1219
      }
    },
    {
      "data": {
        "id": "formats",
        "title": "formats",
        "has_child": true,
        "i": 1220,
        "j": 1518
      }
    },
    {
      "data": {
        "id": "performance",
        "title": "performance",
        "has_child": true,
        "i": 1220,
        "j": 1518
      }
    },
    {
      "data": {
        "id": "universities",
        "title": "universities",
        "has_child": true,
        "i": 1220,
        "j": 1518
      }
    },
    {
      "data": {
        "id": "concept",
        "title": "concept",
        "has_child": true,
        "i": 1518,
        "j": 1592
      }
    },
    {
      "data": {
        "id": "writing",
        "title": "writing",
        "has_child": false,
        "i": 1518,
        "j": 1592
      }
    },
    {
      "data": {
        "id": "way",
        "title": "way",
        "has_child": false,
        "i": 1220,
        "j": 1518
      }
    },
    {
      "data": {
        "id": "exams",
        "title": "exams",
        "has_child": true,
        "i": 1220,
        "j": 1518
      }
    },
    {
      "data": {
        "id": "States",
        "title": "States",
        "has_child": false,
        "i": 1111,
        "j": 1219
      }
    },
    {
      "data": {
        "id": "countries",
        "title": "countries",
        "has_child": true,
        "i": 1111,
        "j": 1219
      }
    },
    {
      "data": {
        "id": "social",
        "title": "social",
        "has_child": true,
        "i": 1220,
        "j": 1518
      }
    },
    {
      "data": {
        "id": "United",
        "title": "United",
        "has_child": false,
        "i": 1111,
        "j": 1219
      }
    },
    {
      "data": {
        "id": "major",
        "title": "major",
        "has_child": false,
        "i": 1111,
        "j": 1219
      }
    },
    {
      "data": {
        "id": "Thomas",
        "title": "Thomas",
        "has_child": false,
        "i": 911,
        "j": 1111
      }
    },
    {
      "data": {
        "id": "counterexamples",
        "title": "counterexamples",
        "has_child": false,
        "i": 911,
        "j": 1111
      }
    },
    {
      "data": {
        "id": "Locke",
        "title": "Locke",
        "has_child": true,
        "i": 911,
        "j": 1111
      }
    },
    {
      "data": {
        "id": "Canada",
        "title": "Canada",
        "has_child": true,
        "i": 1111,
        "j": 1219
      }
    },
    {
      "data": {
        "id": "education",
        "title": "education",
        "has_child": true,
        "i": 1111,
        "j": 1219
      }
    },
    {
      "data": {
        "id": "styles",
        "title": "styles",
        "has_child": false,
        "i": 1593,
        "j": 1724
      }
    },
    {
      "data": {
        "id": "text",
        "title": "text",
        "has_child": true,
        "i": 1725,
        "j": 1841
      }
    },
    {
      "data": {
        "id": "Secondary",
        "title": "Secondary",
        "has_child": true,
        "i": 1220,
        "j": 1518
      }
    },
    {
      "data": {
        "id": "works",
        "title": "works",
        "has_child": false,
        "i": 911,
        "j": 1111
      }
    },
    {
      "data": {
        "id": "voluminous",
        "title": "voluminous",
        "has_child": false,
        "i": 911,
        "j": 1111
      }
    },
    {
      "data": {
        "id": "Human",
        "title": "Human",
        "has_child": false,
        "i": 911,
        "j": 1111
      }
    },
    {
      "data": {
        "id": "brevity",
        "title": "brevity",
        "has_child": false,
        "i": 911,
        "j": 1111
      }
    },
    {
      "data": {
        "id": "Man",
        "title": "Man",
        "has_child": false,
        "i": 753,
        "j": 910
      }
    },
    {
      "data": {
        "id": "author",
        "title": "author",
        "has_child": false,
        "i": 259,
        "j": 752
      }
    },
    {
      "data": {
        "id": "structure",
        "title": "structure",
        "has_child": false,
        "i": 259,
        "j": 752
      }
    },
    {
      "data": {
        "id": "political",
        "title": "political",
        "has_child": false,
        "i": 259,
        "j": 752
      }
    },
    {
      "data": {
        "id": "arguments",
        "title": "arguments",
        "has_child": true,
        "i": 259,
        "j": 752
      }
    },
    {
      "data": {
        "id": "modern",
        "title": "modern",
        "has_child": true,
        "i": 753,
        "j": 910
      }
    },
    {
      "data": {
        "id": "Population",
        "title": "Population",
        "has_child": false,
        "i": 911,
        "j": 1111
      }
    },
    {
      "data": {
        "id": "Understanding",
        "title": "Understanding",
        "has_child": false,
        "i": 911,
        "j": 1111
      }
    },
    {
      "data": {
        "id": "life",
        "title": "life",
        "has_child": true,
        "i": 259,
        "j": 752
      }
    },
    {
      "data": {
        "id": "Malthus",
        "title": "Malthus",
        "has_child": true,
        "i": 911,
        "j": 1111
      }
    },
    {
      "data": {
        "id": "novelty",
        "title": "novelty",
        "has_child": false,
        "i": 259,
        "j": 752
      }
    },
    {
      "data": {
        "id": "confidential",
        "title": "confidential",
        "has_child": true,
        "i": 259,
        "j": 752
      }
    },
    {
      "data": {
        "id": "observations",
        "title": "observations",
        "has_child": true,
        "i": 259,
        "j": 752
      }
    },
    {
      "data": {
        "id": "daily",
        "title": "daily",
        "has_child": false,
        "i": 259,
        "j": 752
      }
    },
    {
      "data": {
        "id": "manifestos",
        "title": "manifestos",
        "has_child": false,
        "i": 259,
        "j": 752
      }
    },
    {
      "data": {
        "id": "style",
        "title": "style",
        "has_child": false,
        "i": 259,
        "j": 752
      }
    },
    {
      "data": {
        "id": "individual",
        "title": "individual",
        "has_child": false,
        "i": 259,
        "j": 752
      }
    },
    {
      "data": {
        "id": "informal",
        "title": "informal",
        "has_child": false,
        "i": 259,
        "j": 752
      }
    },
    {
      "data": {
        "id": "organization",
        "title": "organization",
        "has_child": true,
        "i": 259,
        "j": 752
      }
    },
    {
      "data": {
        "id": "length",
        "title": "length",
        "has_child": false,
        "i": 259,
        "j": 752
      }
    },
    {
      "data": {
        "id": "short",
        "title": "short",
        "has_child": true,
        "i": 0,
        "j": 188
      }
    },
    {
      "data": {
        "id": "vague",
        "title": "vague",
        "has_child": true,
        "i": 0,
        "j": 188
      }
    },
    {
      "data": {
        "id": "pamphlet",
        "title": "pamphlet",
        "has_child": true,
        "i": 0,
        "j": 188
      }
    },
    {
      "data": {
        "id": "piece",
        "title": "piece",
        "has_child": false,
        "i": 0,
        "j": 188
      }
    },
    {
      "data": {
        "id": "argument",
        "title": "argument",
        "has_child": true,
        "i": 0,
        "j": 188
      }
    },
    {
      "data": {
        "id": "literary",
        "title": "literary",
        "has_child": true,
        "i": 259,
        "j": 752
      }
    },
    {
      "data": {
        "id": "revelation",
        "title": "revelation",
        "has_child": false,
        "i": 259,
        "j": 752
      }
    },
    {
      "data": {
        "id": "manner",
        "title": "manner",
        "has_child": true,
        "i": 259,
        "j": 752
      }
    },
    {
      "data": {
        "id": "purpose",
        "title": "purpose",
        "has_child": false,
        "i": 259,
        "j": 752
      }
    },
    {
      "data": {
        "id": "dignity",
        "title": "dignity",
        "has_child": true,
        "i": 259,
        "j": 752
      }
    },
    {
      "data": {
        "id": "unconventionality",
        "title": "unconventionality",
        "has_child": true,
        "i": 259,
        "j": 752
      }
    },
    {
      "data": {
        "id": "self",
        "title": "self",
        "has_child": false,
        "i": 259,
        "j": 752
      }
    },
    {
      "data": {
        "id": "article",
        "title": "article",
        "has_child": false,
        "i": 0,
        "j": 188
      }
    },
    {
      "data": {
        "id": "story",
        "title": "story",
        "has_child": false,
        "i": 0,
        "j": 188
      }
    },
    {
      "data": {
        "id": "paper",
        "title": "paper",
        "has_child": false,
        "i": 0,
        "j": 188
      }
    },
    {
      "data": {
        "id": "definition",
        "title": "definition",
        "has_child": true,
        "i": 0,
        "j": 188
      }
    },
    {
      "data": {
        "id": "experiences",
        "title": "experiences",
        "has_child": false,
        "i": 259,
        "j": 752
      }
    },
    {
      "data": {
        "id": "logical",
        "title": "logical",
        "has_child": false,
        "i": 259,
        "j": 752
      }
    },
    {
      "data": {
        "id": "sub",
        "title": "sub",
        "has_child": true,
        "i": 189,
        "j": 258
      }
    },
    {
      "data": {
        "id": "personal",
        "title": "personal",
        "has_child": true,
        "i": 259,
        "j": 752
      }
    },
    {
      "data": {
        "id": "tastes",
        "title": "tastes",
        "has_child": true,
        "i": 259,
        "j": 752
      }
    },
    {
      "data": {
        "id": "element",
        "title": "element",
        "has_child": true,
        "i": 259,
        "j": 752
      }
    },
    {
      "data": {
        "id": "humor",
        "title": "humor",
        "has_child": false,
        "i": 259,
        "j": 752
      }
    },
    {
      "data": {
        "id": "graceful",
        "title": "graceful",
        "has_child": true,
        "i": 259,
        "j": 752
      }
    },
    {
      "data": {
        "id": "recollections",
        "title": "recollections",
        "has_child": false,
        "i": 259,
        "j": 752
      }
    },
    {
      "data": {
        "id": "Alexander",
        "title": "Alexander",
        "has_child": false,
        "i": 753,
        "j": 910
      }
    },
    {
      "data": {
        "id": "prose",
        "title": "prose",
        "has_child": false,
        "i": 753,
        "j": 910
      }
    },
    {
      "data": {
        "id": "verse",
        "title": "verse",
        "has_child": true,
        "i": 753,
        "j": 910
      }
    },
    {
      "data": {
        "id": "reflections",
        "title": "reflections",
        "has_child": false,
        "i": 259,
        "j": 752
      }
    },
    {
      "data": {
        "id": "Pope",
        "title": "Pope",
        "has_child": true,
        "i": 753,
        "j": 910
      }
    },
    {
      "data": {
        "id": "John",
        "title": "John",
        "has_child": true,
        "i": 911,
        "j": 1111
      }
    },
    {
      "data": {
        "id": "structured",
        "title": "structured",
        "has_child": true,
        "i": 1220,
        "j": 1518
      }
    },
    {
      "data": {
        "id": "photographic",
        "title": "photographic",
        "has_child": true,
        "i": 1725,
        "j": 1841
      }
    },
    {
      "data": {
        "id": "topic",
        "title": "topic",
        "has_child": false,
        "i": 1725,
        "j": 1841
      }
    },
    {
      "data": {
        "id": "film",
        "title": "film",
        "has_child": false,
        "i": 1593,
        "j": 1724
      }
    },
    {
      "data": {
        "id": "evolution",
        "title": "evolution",
        "has_child": true,
        "i": 1593,
        "j": 1724
      }
    },
    {
      "data": {
        "id": "final",
        "title": "final",
        "has_child": true,
        "i": 1220,
        "j": 1518
      }
    },
    {
      "data": {
        "id": "idea",
        "title": "idea",
        "has_child": true,
        "i": 1593,
        "j": 1724
      }
    },
    {
      "data": {
        "id": "series",
        "title": "series",
        "has_child": true,
        "i": 1725,
        "j": 1841
      }
    },
    {
      "data": {
        "id": "edge1",
        "source": "essay",
        "target": "theme",
        "title": "undefined",
        "weight": 0.7770278167404228
      }
    },
    {
      "data": {
        "id": "edge2",
        "source": "theme",
        "target": "documentary",
        "title": "undefined",
        "weight": 0.5824386685192846
      }
    },
    {
      "data": {
        "id": "edge3",
        "source": "theme",
        "target": "captions",
        "title": "undefined",
        "weight": 0.5737949506988448
      }
    },
    {
      "data": {
        "id": "edge4",
        "source": "essay",
        "target": "essays",
        "title": "undefined",
        "weight": 0.7212741488581291
      }
    },
    {
      "data": {
        "id": "edge5",
        "source": "essays",
        "target": "students",
        "title": "undefined",
        "weight": 0.7110388258325027
      }
    },
    {
      "data": {
        "id": "edge6",
        "source": "students",
        "target": "media",
        "title": "undefined",
        "weight": 0.556742184105176
      }
    },
    {
      "data": {
        "id": "edge7",
        "source": "media",
        "target": "movie",
        "title": "undefined",
        "weight": 0.5358496988361543
      }
    },
    {
      "data": {
        "id": "edge8",
        "source": "movie",
        "target": "photographs",
        "title": "undefined",
        "weight": 0.5055057959499969
      }
    },
    {
      "data": {
        "id": "edge9",
        "source": "essays",
        "target": "applicants",
        "title": "undefined",
        "weight": 0.6912327443624808
      }
    },
    {
      "data": {
        "id": "edge10",
        "source": "applicants",
        "target": "admission",
        "title": "undefined",
        "weight": 0.5447016269175478
      }
    },
    {
      "data": {
        "id": "edge11",
        "source": "essays",
        "target": "skills",
        "title": "undefined",
        "weight": 0.6723828084429814
      }
    },
    {
      "data": {
        "id": "edge12",
        "source": "essays",
        "target": "Principle",
        "title": "undefined",
        "weight": 0.6399189802317128
      }
    },
    {
      "data": {
        "id": "edge13",
        "source": "Principle",
        "target": "Criticism",
        "title": "undefined",
        "weight": 0.5347915769231818
      }
    },
    {
      "data": {
        "id": "edge14",
        "source": "essays",
        "target": "sciences",
        "title": "undefined",
        "weight": 0.6020765643945982
      }
    },
    {
      "data": {
        "id": "edge15",
        "source": "essays",
        "target": "humanities",
        "title": "undefined",
        "weight": 0.5980075025438685
      }
    },
    {
      "data": {
        "id": "edge16",
        "source": "essays",
        "target": "formal",
        "title": "undefined",
        "weight": 0.5917113100163266
      }
    },
    {
      "data": {
        "id": "edge17",
        "source": "formal",
        "target": "formats",
        "title": "undefined",
        "weight": 0.5724172805793839
      }
    },
    {
      "data": {
        "id": "edge18",
        "source": "formal",
        "target": "performance",
        "title": "undefined",
        "weight": 0.5469500968761235
      }
    },
    {
      "data": {
        "id": "edge19",
        "source": "essays",
        "target": "universities",
        "title": "undefined",
        "weight": 0.5873923932773303
      }
    },
    {
      "data": {
        "id": "edge20",
        "source": "essay",
        "target": "concept",
        "title": "undefined",
        "weight": 0.7135065553453337
      }
    },
    {
      "data": {
        "id": "edge21",
        "source": "essay",
        "target": "writing",
        "title": "undefined",
        "weight": 0.6626091099751659
      }
    },
    {
      "data": {
        "id": "edge22",
        "source": "writing",
        "target": "way",
        "title": "undefined",
        "weight": 0.6497326828009129
      }
    },
    {
      "data": {
        "id": "edge23",
        "source": "way",
        "target": "exams",
        "title": "undefined",
        "weight": 0.5704895985052956
      }
    },
    {
      "data": {
        "id": "edge24",
        "source": "way",
        "target": "States",
        "title": "undefined",
        "weight": 0.5684605992275048
      }
    },
    {
      "data": {
        "id": "edge25",
        "source": "States",
        "target": "countries",
        "title": "undefined",
        "weight": 0.5605281806604965
      }
    },
    {
      "data": {
        "id": "edge26",
        "source": "States",
        "target": "social",
        "title": "undefined",
        "weight": 0.5209707038695756
      }
    },
    {
      "data": {
        "id": "edge27",
        "source": "way",
        "target": "United",
        "title": "undefined",
        "weight": 0.5604348571986382
      }
    },
    {
      "data": {
        "id": "edge28",
        "source": "United",
        "target": "major",
        "title": "undefined",
        "weight": 0.5786478026430967
      }
    },
    {
      "data": {
        "id": "edge29",
        "source": "major",
        "target": "Thomas",
        "title": "undefined",
        "weight": 0.5424761173926894
      }
    },
    {
      "data": {
        "id": "edge30",
        "source": "Thomas",
        "target": "counterexamples",
        "title": "undefined",
        "weight": 0.5496654064485443
      }
    },
    {
      "data": {
        "id": "edge31",
        "source": "counterexamples",
        "target": "Locke",
        "title": "undefined",
        "weight": 0.5291905710919871
      }
    },
    {
      "data": {
        "id": "edge32",
        "source": "United",
        "target": "Canada",
        "title": "undefined",
        "weight": 0.5668309963379148
      }
    },
    {
      "data": {
        "id": "edge33",
        "source": "United",
        "target": "education",
        "title": "undefined",
        "weight": 0.5531809074410198
      }
    },
    {
      "data": {
        "id": "edge34",
        "source": "writing",
        "target": "styles",
        "title": "undefined",
        "weight": 0.6150195162504051
      }
    },
    {
      "data": {
        "id": "edge35",
        "source": "styles",
        "target": "text",
        "title": "undefined",
        "weight": 0.5214953698006212
      }
    },
    {
      "data": {
        "id": "edge36",
        "source": "writing",
        "target": "Secondary",
        "title": "undefined",
        "weight": 0.5689850689233203
      }
    },
    {
      "data": {
        "id": "edge37",
        "source": "essay",
        "target": "works",
        "title": "undefined",
        "weight": 0.6608074607284002
      }
    },
    {
      "data": {
        "id": "edge38",
        "source": "works",
        "target": "voluminous",
        "title": "undefined",
        "weight": 0.6276725033339056
      }
    },
    {
      "data": {
        "id": "edge39",
        "source": "voluminous",
        "target": "Human",
        "title": "undefined",
        "weight": 0.5525598760472539
      }
    },
    {
      "data": {
        "id": "edge40",
        "source": "Human",
        "target": "brevity",
        "title": "undefined",
        "weight": 0.5414391844147269
      }
    },
    {
      "data": {
        "id": "edge41",
        "source": "brevity",
        "target": "Man",
        "title": "undefined",
        "weight": 0.5654692431757131
      }
    },
    {
      "data": {
        "id": "edge42",
        "source": "Man",
        "target": "author",
        "title": "undefined",
        "weight": 0.5573592847215103
      }
    },
    {
      "data": {
        "id": "edge43",
        "source": "author",
        "target": "structure",
        "title": "undefined",
        "weight": 0.5526439620736391
      }
    },
    {
      "data": {
        "id": "edge44",
        "source": "structure",
        "target": "political",
        "title": "undefined",
        "weight": 0.5321978661072835
      }
    },
    {
      "data": {
        "id": "edge45",
        "source": "political",
        "target": "arguments",
        "title": "undefined",
        "weight": 0.5473776514931707
      }
    },
    {
      "data": {
        "id": "edge46",
        "source": "political",
        "target": "modern",
        "title": "undefined",
        "weight": 0.5310117232972402
      }
    },
    {
      "data": {
        "id": "edge47",
        "source": "Human",
        "target": "Population",
        "title": "undefined",
        "weight": 0.5312649274224406
      }
    },
    {
      "data": {
        "id": "edge48",
        "source": "Population",
        "target": "Understanding",
        "title": "undefined",
        "weight": 0.548188441204534
      }
    },
    {
      "data": {
        "id": "edge49",
        "source": "Understanding",
        "target": "life",
        "title": "undefined",
        "weight": 0.5148199786936118
      }
    },
    {
      "data": {
        "id": "edge50",
        "source": "works",
        "target": "Malthus",
        "title": "undefined",
        "weight": 0.5854663322475814
      }
    },
    {
      "data": {
        "id": "edge51",
        "source": "works",
        "target": "novelty",
        "title": "undefined",
        "weight": 0.5494066001440576
      }
    },
    {
      "data": {
        "id": "edge52",
        "source": "novelty",
        "target": "confidential",
        "title": "undefined",
        "weight": 0.5585897961011503
      }
    },
    {
      "data": {
        "id": "edge53",
        "source": "novelty",
        "target": "observations",
        "title": "undefined",
        "weight": 0.5509882414313995
      }
    },
    {
      "data": {
        "id": "edge54",
        "source": "novelty",
        "target": "daily",
        "title": "undefined",
        "weight": 0.5445982133946283
      }
    },
    {
      "data": {
        "id": "edge55",
        "source": "daily",
        "target": "manifestos",
        "title": "undefined",
        "weight": 0.5521221105718235
      }
    },
    {
      "data": {
        "id": "edge56",
        "source": "manifestos",
        "target": "style",
        "title": "undefined",
        "weight": 0.5405323096812631
      }
    },
    {
      "data": {
        "id": "edge57",
        "source": "style",
        "target": "individual",
        "title": "undefined",
        "weight": 0.5710111919245798
      }
    },
    {
      "data": {
        "id": "edge58",
        "source": "individual",
        "target": "informal",
        "title": "undefined",
        "weight": 0.598111177587218
      }
    },
    {
      "data": {
        "id": "edge59",
        "source": "informal",
        "target": "organization",
        "title": "undefined",
        "weight": 0.5937506851844171
      }
    },
    {
      "data": {
        "id": "edge60",
        "source": "informal",
        "target": "length",
        "title": "undefined",
        "weight": 0.5914833977198223
      }
    },
    {
      "data": {
        "id": "edge61",
        "source": "length",
        "target": "short",
        "title": "undefined",
        "weight": 0.5475113879895781
      }
    },
    {
      "data": {
        "id": "edge62",
        "source": "length",
        "target": "vague",
        "title": "undefined",
        "weight": 0.5080569534491891
      }
    },
    {
      "data": {
        "id": "edge63",
        "source": "informal",
        "target": "pamphlet",
        "title": "undefined",
        "weight": 0.5645699486924027
      }
    },
    {
      "data": {
        "id": "edge64",
        "source": "informal",
        "target": "piece",
        "title": "undefined",
        "weight": 0.539109362147891
      }
    },
    {
      "data": {
        "id": "edge65",
        "source": "piece",
        "target": "argument",
        "title": "undefined",
        "weight": 0.5724173246894949
      }
    },
    {
      "data": {
        "id": "edge66",
        "source": "informal",
        "target": "literary",
        "title": "undefined",
        "weight": 0.5366030729670369
      }
    },
    {
      "data": {
        "id": "edge67",
        "source": "individual",
        "target": "revelation",
        "title": "undefined",
        "weight": 0.5915321473665542
      }
    },
    {
      "data": {
        "id": "edge68",
        "source": "revelation",
        "target": "manner",
        "title": "undefined",
        "weight": 0.5869261463349773
      }
    },
    {
      "data": {
        "id": "edge69",
        "source": "revelation",
        "target": "purpose",
        "title": "undefined",
        "weight": 0.5801057516673225
      }
    },
    {
      "data": {
        "id": "edge70",
        "source": "purpose",
        "target": "dignity",
        "title": "undefined",
        "weight": 0.585712637792094
      }
    },
    {
      "data": {
        "id": "edge71",
        "source": "revelation",
        "target": "unconventionality",
        "title": "undefined",
        "weight": 0.5375868904971015
      }
    },
    {
      "data": {
        "id": "edge72",
        "source": "individual",
        "target": "self",
        "title": "undefined",
        "weight": 0.5845661662805278
      }
    },
    {
      "data": {
        "id": "edge73",
        "source": "self",
        "target": "article",
        "title": "undefined",
        "weight": 0.5294836850252328
      }
    },
    {
      "data": {
        "id": "edge74",
        "source": "article",
        "target": "story",
        "title": "undefined",
        "weight": 0.5848297050380902
      }
    },
    {
      "data": {
        "id": "edge75",
        "source": "story",
        "target": "paper",
        "title": "undefined",
        "weight": 0.5562362347172436
      }
    },
    {
      "data": {
        "id": "edge76",
        "source": "paper",
        "target": "definition",
        "title": "undefined",
        "weight": 0.5630047756467604
      }
    },
    {
      "data": {
        "id": "edge77",
        "source": "individual",
        "target": "experiences",
        "title": "undefined",
        "weight": 0.5837343612952733
      }
    },
    {
      "data": {
        "id": "edge78",
        "source": "experiences",
        "target": "logical",
        "title": "undefined",
        "weight": 0.542103841015559
      }
    },
    {
      "data": {
        "id": "edge79",
        "source": "logical",
        "target": "sub",
        "title": "undefined",
        "weight": 0.5507519639670133
      }
    },
    {
      "data": {
        "id": "edge80",
        "source": "individual",
        "target": "personal",
        "title": "undefined",
        "weight": 0.5803779434181846
      }
    },
    {
      "data": {
        "id": "edge81",
        "source": "individual",
        "target": "tastes",
        "title": "undefined",
        "weight": 0.5758766229976304
      }
    },
    {
      "data": {
        "id": "edge82",
        "source": "individual",
        "target": "element",
        "title": "undefined",
        "weight": 0.5742943730514375
      }
    },
    {
      "data": {
        "id": "edge83",
        "source": "individual",
        "target": "humor",
        "title": "undefined",
        "weight": 0.5602382372385641
      }
    },
    {
      "data": {
        "id": "edge84",
        "source": "humor",
        "target": "graceful",
        "title": "undefined",
        "weight": 0.5500180994980713
      }
    },
    {
      "data": {
        "id": "edge85",
        "source": "style",
        "target": "recollections",
        "title": "undefined",
        "weight": 0.5355490667545739
      }
    },
    {
      "data": {
        "id": "edge86",
        "source": "recollections",
        "target": "Alexander",
        "title": "undefined",
        "weight": 0.5425329550761777
      }
    },
    {
      "data": {
        "id": "edge87",
        "source": "Alexander",
        "target": "prose",
        "title": "undefined",
        "weight": 0.547977730705247
      }
    },
    {
      "data": {
        "id": "edge88",
        "source": "prose",
        "target": "verse",
        "title": "undefined",
        "weight": 0.5424604361839929
      }
    },
    {
      "data": {
        "id": "edge89",
        "source": "Alexander",
        "target": "reflections",
        "title": "undefined",
        "weight": 0.5471889987905219
      }
    },
    {
      "data": {
        "id": "edge90",
        "source": "reflections",
        "target": "Pope",
        "title": "undefined",
        "weight": 0.5280001764736246
      }
    },
    {
      "data": {
        "id": "edge91",
        "source": "Alexander",
        "target": "John",
        "title": "undefined",
        "weight": 0.5404082676878519
      }
    },
    {
      "data": {
        "id": "edge92",
        "source": "essay",
        "target": "structured",
        "title": "undefined",
        "weight": 0.6530908909871945
      }
    },
    {
      "data": {
        "id": "edge93",
        "source": "essay",
        "target": "photographic",
        "title": "undefined",
        "weight": 0.6338947462127801
      }
    },
    {
      "data": {
        "id": "edge94",
        "source": "essay",
        "target": "topic",
        "title": "undefined",
        "weight": 0.6311766165278897
      }
    },
    {
      "data": {
        "id": "edge95",
        "source": "topic",
        "target": "film",
        "title": "undefined",
        "weight": 0.5271512543693344
      }
    },
    {
      "data": {
        "id": "edge96",
        "source": "film",
        "target": "evolution",
        "title": "undefined",
        "weight": 0.5299975111416186
      }
    },
    {
      "data": {
        "id": "edge97",
        "source": "film",
        "target": "final",
        "title": "undefined",
        "weight": 0.5272149516144655
      }
    },
    {
      "data": {
        "id": "edge98",
        "source": "essay",
        "target": "idea",
        "title": "undefined",
        "weight": 0.6298256843620503
      }
    },
    {
      "data": {
        "id": "edge99",
        "source": "essay",
        "target": "series",
        "title": "undefined",
        "weight": 0.6258051594494585
      }
    }
  ]
}
