{
    "elements": [
        {
            "data": {
                "id": "Tree",
                "title": "Tree",
                "has_child": false,
                "is_central":true
            }
        },
        {
            "data": {
                "id": "trunk",
                "title": "trunk",
                "has_child": false,
                "is_central":false
            }
        },
        {
            "data": {
                "id": "woody tissue",
                "title": "woody tissue",
                "has_child": true,
                "is_central":false
            }
        },
        {
            "data": {
                "id": "vascular tissue",
                "title": "vascular tissue",
                "has_child": true,
                "is_central":false
            }
        },
        {
            "data": {
                "id": "bark",
                "title": "bark",
                "has_child": true,
                "is_central":false
            }
        },
        {
            "data": {
                "id": "root",
                "title": "root",
                "has_child": false,
                "is_central":false
            }
        },
        {
            "data": {
                "id": "anchor",
                "title": "anchor",
                "has_child": true,
                "is_central":false
            }
        },
        {
            "data": {
                "id": "moisture nutrients",
                "title": "moisture nutrients",
                "has_child": true,
                "is_central":false
            }
        },
        {
            "data": {
                "id": "branch",
                "title": "branch",
                "has_child": false,
                "is_central":false
            }
        },
        {
            "data": {
                "id": "smaller branch & shoots",
                "title": "smaller branch & shoots",
                "has_child": false,
                "is_central":false
            }
        },
        {
            "data": {
                "id": "leaves",
                "title": "leaves",
                "has_child": false,
                "is_central":false
            }
        },
        {
            "data": {
                "id": "light energy",
                "title": "light energy",
                "has_child": true,
                "is_central":false
            }
        },
        {
            "data": {
                "id": "edge1",
                "source": "Tree",
                "target": "trunk",
                "title": "has",
                "weight": 0.9
            }
        },
        {
            "data": {
                "id": "edge2",
                "source": "trunk",
                "target": "woody tissue",
                "title": "contains",
                "weight": 0.7
            }
        },
        {
            "data": {
                "id": "edge3",
                "source": "trunk",
                "target": "vascular tissue",
                "title": "contains",
                "weight": 0.7
            }
        },
        {
            "data": {
                "id": "edge4",
                "source": "trunk",
                "target": "bark",
                "title": "surrounds",
                "weight": 0.7
            }
        },
        {
            "data": {
                "id": "edge5",
                "source": "Tree",
                "target": "root",
                "title": "has",
                "weight": 0.9
            }
        },
        {
            "data": {
                "id": "edge6",
                "source": "root",
                "target": "anchor",
                "title": "serve",
                "weight": 0.5
            }
        },
        {
            "data": {
                "id": "edge7",
                "source": "root",
                "target": "moisture nutrients",
                "title": "extract",
                "weight": 0.5
            }
        },
        {
            "data": {
                "id": "edge8",
                "source": "Tree",
                "target": "branch",
                "title": "has",
                "weight": 0.9
            }
        },
        {
            "data": {
                "id": "edge9",
                "source": "branch",
                "target": "smaller branch & shoots",
                "title": "divide into",
                "weight": 0.6
            }
        },
        {
            "data": {
                "id": "edge10",
                "source": "smaller branch & shoots",
                "target": "leaves",
                "title": "bear",
                "weight": 0.5
            }
        },
        {
            "data": {
                "id": "edge11",
                "source": "leaves",
                "target": "light energy",
                "title": "capture",
                "weight": 0.3
            }
        }
    ]
}
