{
    "elements": [
        {
            "data": {
                "id": "Tree",
                "title": "Tree",
                "has_child": false,
                "is_central": true,
                "i": 518,
                "j": 683
            }
        },
        {
            "data": {
                "id": "trunk",
                "title": "trunk",
                "has_child": false,
                "is_central": false,
                "i": 90,
                "j": 223
            }
        },
        {
            "data": {
                "id": "woody tissue",
                "title": "woody tissue",
                "has_child": true,
                "is_central": false,
                "i": 90,
                "j": 223
            }
        },
        {
            "data": {
                "id": "vascular tissue",
                "title": "vascular tissue",
                "has_child": true,
                "is_central": false,
                "i": 90,
                "j": 223
            }
        },
        {
            "data": {
                "id": "bark",
                "title": "bark",
                "has_child": true,
                "is_central": false,
                "i": 224,
                "j": 312
            }
        },
        {
            "data": {
                "id": "root",
                "title": "root",
                "has_child": false,
                "is_central": false,
                "i": 313,
                "j": 449
            }
        },
        {
            "data": {
                "id": "anchor",
                "title": "anchor",
                "has_child": true,
                "is_central": false,
                "i": 313,
                "j": 449
            }
        },
        {
            "data": {
                "id": "moisture and nutrients",
                "title": "moisture and nutrients",
                "has_child": true,
                "is_central": false,
                "i": 313,
                "j": 449
            }
        },
        {
            "data": {
                "id": "branch",
                "title": "branch",
                "has_child": false,
                "is_central": false,
                "i": 313,
                "j": 449
            }
        },
        {
            "data": {
                "id": "smaller branch & shoots",
                "title": "smaller branch & shoots",
                "has_child": false,
                "is_central": false,
                "i": 450,
                "j": 517
            }
        },
        {
            "data": {
                "id": "leaves",
                "title": "leaves",
                "has_child": false,
                "is_central": false,
                "i": 518,
                "j": 683
            }
        },
        {
            "data": {
                "id": "light energy",
                "title": "light energy",
                "has_child": true,
                "is_central": false,
                "i": 518,
                "j": 683
            }
        },
        {
            "data": {
                "id": "edge1",
                "source": "Tree",
                "target": "trunk",
                "title": "has",
                "weight": 0.9
            }
        },
        {
            "data": {
                "id": "edge2",
                "source": "trunk",
                "target": "woody tissue",
                "title": "contains",
                "weight": 0.7
            }
        },
        {
            "data": {
                "id": "edge3",
                "source": "trunk",
                "target": "vascular tissue",
                "title": "contains",
                "weight": 0.7
            }
        },
        {
            "data": {
                "id": "edge4",
                "source": "trunk",
                "target": "bark",
                "title": "surrounded by",
                "weight": 0.7
            }
        },
        {
            "data": {
                "id": "edge5",
                "source": "Tree",
                "target": "root",
                "title": "has",
                "weight": 0.9
            }
        },
        {
            "data": {
                "id": "edge6",
                "source": "root",
                "target": "anchor",
                "title": "serve",
                "weight": 0.5
            }
        },
        {
            "data": {
                "id": "edge7",
                "source": "root",
                "target": "moisture and nutrients",
                "title": "extract",
                "weight": 0.5
            }
        },
        {
            "data": {
                "id": "edge8",
                "source": "Tree",
                "target": "branch",
                "title": "has",
                "weight": 0.9
            }
        },
        {
            "data": {
                "id": "edge9",
                "source": "branch",
                "target": "smaller branch & shoots",
                "title": "divide into",
                "weight": 0.6
            }
        },
        {
            "data": {
                "id": "edge10",
                "source": "smaller branch & shoots",
                "target": "leaves",
                "title": "bear",
                "weight": 0.5
            }
        },
        {
            "data": {
                "id": "edge11",
                "source": "leaves",
                "target": "light energy",
                "title": "capture",
                "weight": 0.3
            }
        }
    ]
}|split|
A tree typically has many secondary branches supported clear of the ground by the trunk. This trunk typically contains woody tissue for strength, and vascular tissue to carry materials from one part of the tree to another. For most trees it is surrounded by a layer of bark which serves as a protective barrier. Below the ground, the root branch and spread out widely; they serve to anchor the tree and extract moisture and nutrients from the soil. Above ground, the branches divide into smaller branches and shoots. The shoots typically bear leaves, which capture light energy and convert it into sugars by photosynthesis, providing the food for the tree's growth and development.
